<?xml version="1.0" encoding="UTF-8"?>
<!--suppress ALL -->
<beans xmlns="http://www.springframework.org/schema/beans"
       xmlns:xsi="http://www.w3.org/2001/XMLSchema-instance"
       xmlns:context="http://www.springframework.org/schema/context"
       xmlns:aop="http://www.springframework.org/schema/aop"
       xmlns:tx="http://www.springframework.org/schema/tx"
       xsi:schemaLocation="http://www.springframework.org/schema/beans
        https://www.springframework.org/schema/beans/spring-beans.xsd
        http://www.springframework.org/schema/tx
        https://www.springframework.org/schema/tx/spring-tx.xsd
        http://www.springframework.org/schema/context
        https://www.springframework.org/schema/context/spring-context.xsd http://www.springframework.org/schema/aop https://www.springframework.org/schema/aop/spring-aop.xsd">

    <context:property-placeholder location="classpath:db.properties"></context:property-placeholder>

    <aop:aspectj-autoproxy proxy-target-class="true"></aop:aspectj-autoproxy>

    <bean id="dataSource" class="org.springframework.jdbc.datasource.DriverManagerDataSource">
        <property name="driverClassName" value="${driver}"></property>
        <property name="url" value="${url}"></property>
        <property name="username" value="${name}"></property>
        <property name="password" value="${password}"></property>
    </bean>

    <bean id="transactionManager" class="org.springframework.jdbc.datasource.DataSourceTransactionManager">
        <property name="dataSource" ref="dataSource"></property>
    </bean>

    <tx:annotation-driven></tx:annotation-driven>
    <!--<aop:config>
        <aop:pointcut id="businessService" expression="execution(* cn.edu.guet.service.*.*(..))"/>
        <aop:advisor advice-ref="txAdvice" pointcut-ref="businessService"></aop:advisor>
    </aop:config>

    <tx:advice id="txAdvice" transaction-manager="transactionManager">
        <tx:attributes>
            <tx:method name="save*" propagation="REQUIRED"/>&lt;!&ndash; save方法才开启事务，Spring默认针对的是RuntimeException&ndash;&gt;
            <tx:method name="update*" propagation="REQUIRED"/>
            <tx:method name="delete*" propagation="REQUIRED"/>
            <tx:method name="get*" read-only="true"/>&lt;!&ndash; get开头的方法不开事务&ndash;&gt;
        </tx:attributes>
    </tx:advice>-->


    <bean class="org.mybatis.spring.mapper.MapperScannerConfigurer">
        <property name="sqlSessionFactoryBeanName" value="sqlSessionFactory"></property>
        <property name="basePackage" value="cn.edu.guet.mapper"></property>
    </bean>

    <bean id="sqlSessionFactory" class="org.mybatis.spring.SqlSessionFactoryBean">
        <property name="dataSource" ref="dataSource"></property>
        <property name="typeAliasesPackage" value="cn.edu.guet.bean"></property>
        <property name="mapperLocations" value="classpath:mapper/*Mapper.xml"></property>
    </bean>

    <!--    <bean id="bookService" class="cn.edu.guet.service.impl.BookServiceImpl"/>-->
    <context:component-scan base-package="cn.edu.guet.service"></context:component-scan>
    <context:component-scan base-package="cn.edu.guet.mapper"></context:component-scan>

</beans>